"filename", "language", "Markdown", "XML", "HTML", "JSON", "Java", "YAML", "Java Properties", "comment", "blank", "total"
"c:\Users\USER\Documents\GitHub\spinnovators\.github\workflows\ci.yml", "YAML", 0, 0, 0, 0, 0, 19, 0, 0, 7, 26
"c:\Users\USER\Documents\GitHub\spinnovators\OpenBudget-app\pom.xml", "XML", 0, 136, 0, 0, 0, 0, 0, 0, 1, 137
"c:\Users\USER\Documents\GitHub\spinnovators\OpenBudget-app\src\main\java\gr\det\spinnovators\OpenBudgetApplication.java", "Java", 0, 0, 0, 0, 274, 0, 0, 18, 48, 340
"c:\Users\USER\Documents\GitHub\spinnovators\OpenBudget-app\src\main\java\gr\det\spinnovators\authentication\FirstLogin.java", "Java", 0, 0, 0, 0, 32, 0, 0, 16, 10, 58
"c:\Users\USER\Documents\GitHub\spinnovators\OpenBudget-app\src\main\java\gr\det\spinnovators\data\MinistryDataInput.java", "Java", 0, 0, 0, 0, 130, 0, 0, 90, 31, 251
"c:\Users\USER\Documents\GitHub\spinnovators\OpenBudget-app\src\main\java\gr\det\spinnovators\editor\EnvBudgetEditor.java", "Java", 0, 0, 0, 0, 40, 0, 0, 19, 13, 72
"c:\Users\USER\Documents\GitHub\spinnovators\OpenBudget-app\src\main\java\gr\det\spinnovators\envdatamodel\EnvBudgetData.java", "Java", 0, 0, 0, 0, 22, 0, 0, 24, 12, 58
"c:\Users\USER\Documents\GitHub\spinnovators\OpenBudget-app\src\main\java\gr\det\spinnovators\envdatamodel\EnvEntry.java", "Java", 0, 0, 0, 0, 22, 0, 0, 7, 9, 38
"c:\Users\USER\Documents\GitHub\spinnovators\OpenBudget-app\src\main\java\gr\det\spinnovators\envdatamodel\EnvSector.java", "Java", 0, 0, 0, 0, 29, 0, 0, 29, 10, 68
"c:\Users\USER\Documents\GitHub\spinnovators\OpenBudget-app\src\main\java\gr\det\spinnovators\envdatamodel\EnvUnit.java", "Java", 0, 0, 0, 0, 29, 0, 0, 8, 8, 45
"c:\Users\USER\Documents\GitHub\spinnovators\OpenBudget-app\src\main\java\gr\det\spinnovators\envdatamodel\EnvYear.java", "Java", 0, 0, 0, 0, 40, 0, 0, 44, 14, 98
"c:\Users\USER\Documents\GitHub\spinnovators\OpenBudget-app\src\main\java\gr\det\spinnovators\envdatamodel\EsgCategory.java", "Java", 0, 0, 0, 0, 19, 0, 0, 48, 9, 76
"c:\Users\USER\Documents\GitHub\spinnovators\OpenBudget-app\src\main\java\gr\det\spinnovators\envdatamodel\EsgReport.java", "Java", 0, 0, 0, 0, 85, 0, 0, 94, 17, 196
"c:\Users\USER\Documents\GitHub\spinnovators\OpenBudget-app\src\main\java\gr\det\spinnovators\export\EditedBudgetExporter.java", "Java", 0, 0, 0, 0, 6, 0, 0, 16, 4, 26
"c:\Users\USER\Documents\GitHub\spinnovators\OpenBudget-app\src\main\java\gr\det\spinnovators\export\TextReportExporter.java", "Java", 0, 0, 0, 0, 67, 0, 0, 28, 13, 108
"c:\Users\USER\Documents\GitHub\spinnovators\OpenBudget-app\src\main\java\gr\det\spinnovators\printer\EditsPrinter.java", "Java", 0, 0, 0, 0, 35, 0, 0, 15, 16, 66
"c:\Users\USER\Documents\GitHub\spinnovators\OpenBudget-app\src\main\java\gr\det\spinnovators\printer\EnvBudgetPrinter.java", "Java", 0, 0, 0, 0, 49, 0, 0, 18, 17, 84
"c:\Users\USER\Documents\GitHub\spinnovators\OpenBudget-app\src\main\java\gr\det\spinnovators\printer\EsgPrinter.java", "Java", 0, 0, 0, 0, 145, 0, 0, 85, 37, 267
"c:\Users\USER\Documents\GitHub\spinnovators\OpenBudget-app\src\main\java\gr\det\spinnovators\printer\FullBudgetPrinter.java", "Java", 0, 0, 0, 0, 45, 0, 0, 14, 12, 71
"c:\Users\USER\Documents\GitHub\spinnovators\OpenBudget-app\src\main\java\gr\det\spinnovators\service\BudgetPercentageService.java", "Java", 0, 0, 0, 0, 53, 0, 0, 22, 10, 85
"c:\Users\USER\Documents\GitHub\spinnovators\OpenBudget-app\src\main\java\gr\det\spinnovators\service\BudgetValidator.java", "Java", 0, 0, 0, 0, 60, 0, 0, 29, 17, 106
"c:\Users\USER\Documents\GitHub\spinnovators\OpenBudget-app\src\main\java\gr\det\spinnovators\service\EditsApplier.java", "Java", 0, 0, 0, 0, 340, 0, 0, 228, 90, 658
"c:\Users\USER\Documents\GitHub\spinnovators\OpenBudget-app\src\main\java\gr\det\spinnovators\service\EnvBudgetLoader.java", "Java", 0, 0, 0, 0, 174, 0, 0, 111, 43, 328
"c:\Users\USER\Documents\GitHub\spinnovators\OpenBudget-app\src\main\java\gr\det\spinnovators\service\EnvBudgetTranslator.java", "Java", 0, 0, 0, 0, 26, 0, 0, 32, 6, 64
"c:\Users\USER\Documents\GitHub\spinnovators\OpenBudget-app\src\main\java\gr\det\spinnovators\service\EsgClassifier.java", "Java", 0, 0, 0, 0, 126, 0, 0, 88, 43, 257
"c:\Users\USER\Documents\GitHub\spinnovators\OpenBudget-app\src\main\java\gr\det\spinnovators\service\EsgLoader.java", "Java", 0, 0, 0, 0, 204, 0, 0, 191, 61, 456
"c:\Users\USER\Documents\GitHub\spinnovators\OpenBudget-app\src\main\java\gr\det\spinnovators\service\EsgScoreCalculator.java", "Java", 0, 0, 0, 0, 68, 0, 0, 40, 20, 128
"c:\Users\USER\Documents\GitHub\spinnovators\OpenBudget-app\src\main\java\gr\det\spinnovators\service\InitialBudgetComparison.java", "Java", 0, 0, 0, 0, 295, 0, 0, 126, 74, 495
"c:\Users\USER\Documents\GitHub\spinnovators\OpenBudget-app\src\main\java\gr\det\spinnovators\service\YearToYearBudgetComparison.java", "Java", 0, 0, 0, 0, 97, 0, 0, 59, 28, 184
"c:\Users\USER\Documents\GitHub\spinnovators\OpenBudget-app\src\main\java\gr\det\spinnovators\web\BudgetComparisonWebDisplay.java", "Java", 0, 0, 0, 0, 297, 0, 0, 29, 27, 353
"c:\Users\USER\Documents\GitHub\spinnovators\OpenBudget-app\src\main\java\gr\det\spinnovators\web\EsgWebDisplay.java", "Java", 0, 0, 0, 0, 115, 0, 0, 14, 13, 142
"c:\Users\USER\Documents\GitHub\spinnovators\OpenBudget-app\src\main\java\gr\det\spinnovators\web\LoginWebServer.java", "Java", 0, 0, 0, 0, 1706, 0, 0, 48, 233, 1987
"c:\Users\USER\Documents\GitHub\spinnovators\OpenBudget-app\src\main\java\gr\det\spinnovators\web\YearComparisonWebDisplay.java", "Java", 0, 0, 0, 0, 179, 0, 0, 14, 13, 206
"c:\Users\USER\Documents\GitHub\spinnovators\OpenBudget-app\src\main\resources\env_budget_data.json", "JSON", 0, 0, 0, 382, 0, 0, 0, 0, 1, 383
"c:\Users\USER\Documents\GitHub\spinnovators\OpenBudget-app\src\main\resources\env_budget_translations.properties", "Java Properties", 0, 0, 0, 0, 0, 0, 26, 2, 4, 32
"c:\Users\USER\Documents\GitHub\spinnovators\OpenBudget-app\src\main\resources\esg_mappings.json", "JSON", 0, 0, 0, 71, 0, 0, 0, 0, 8, 79
"c:\Users\USER\Documents\GitHub\spinnovators\OpenBudget-app\src\main\resources\frontend\change-budget.html", "HTML", 0, 0, 118, 0, 0, 0, 0, 0, 1, 119
"c:\Users\USER\Documents\GitHub\spinnovators\OpenBudget-app\src\main\resources\frontend\comparison.html", "HTML", 0, 0, 65, 0, 0, 0, 0, 1, 2, 68
"c:\Users\USER\Documents\GitHub\spinnovators\OpenBudget-app\src\main\resources\frontend\employee_budget.html", "HTML", 0, 0, 184, 0, 0, 0, 0, 0, 21, 205
"c:\Users\USER\Documents\GitHub\spinnovators\OpenBudget-app\src\main\resources\frontend\employee_statebudget.html", "HTML", 0, 0, 185, 0, 0, 0, 0, 0, 22, 207
"c:\Users\USER\Documents\GitHub\spinnovators\OpenBudget-app\src\main\resources\frontend\esg.html", "HTML", 0, 0, 108, 0, 0, 0, 0, 1, 1, 110
"c:\Users\USER\Documents\GitHub\spinnovators\OpenBudget-app\src\main\resources\frontend\login.html", "HTML", 0, 0, 232, 0, 0, 0, 0, 1, 29, 262
"c:\Users\USER\Documents\GitHub\spinnovators\OpenBudget-app\src\main\resources\frontend\minister_budget.html", "HTML", 0, 0, 190, 0, 0, 0, 0, 0, 20, 210
"c:\Users\USER\Documents\GitHub\spinnovators\OpenBudget-app\src\main\resources\frontend\minister_statebudget.html", "HTML", 0, 0, 178, 0, 0, 0, 0, 0, 24, 202
"c:\Users\USER\Documents\GitHub\spinnovators\OpenBudget-app\src\main\resources\frontend\year-comparison.html", "HTML", 0, 0, 65, 0, 0, 0, 0, 1, 2, 68
"c:\Users\USER\Documents\GitHub\spinnovators\OpenBudget-app\src\test\java\gr\det\spinnovators\OpenBudgetApplicationTest.java", "Java", 0, 0, 0, 0, 42, 0, 0, 2, 12, 56
"c:\Users\USER\Documents\GitHub\spinnovators\OpenBudget-app\src\test\java\gr\det\spinnovators\authentication\FirstLoginTest.java", "Java", 0, 0, 0, 0, 121, 0, 0, 47, 41, 209
"c:\Users\USER\Documents\GitHub\spinnovators\OpenBudget-app\src\test\java\gr\det\spinnovators\data\MinistryDataInputTest.java", "Java", 0, 0, 0, 0, 61, 0, 0, 0, 20, 81
"c:\Users\USER\Documents\GitHub\spinnovators\OpenBudget-app\src\test\java\gr\det\spinnovators\editor\EnvBudgetEditorTest.java", "Java", 0, 0, 0, 0, 85, 0, 0, 41, 31, 157
"c:\Users\USER\Documents\GitHub\spinnovators\OpenBudget-app\src\test\java\gr\det\spinnovators\envdatamodel\EnvBudgetDataTest.java", "Java", 0, 0, 0, 0, 44, 0, 0, 11, 22, 77
"c:\Users\USER\Documents\GitHub\spinnovators\OpenBudget-app\src\test\java\gr\det\spinnovators\envdatamodel\EnvEntryTest.java", "Java", 0, 0, 0, 0, 27, 0, 0, 4, 16, 47
"c:\Users\USER\Documents\GitHub\spinnovators\OpenBudget-app\src\test\java\gr\det\spinnovators\envdatamodel\EnvSectorTest.java", "Java", 0, 0, 0, 0, 47, 0, 0, 4, 18, 69
"c:\Users\USER\Documents\GitHub\spinnovators\OpenBudget-app\src\test\java\gr\det\spinnovators\envdatamodel\EnvUnitTest.java", "Java", 0, 0, 0, 0, 45, 0, 0, 9, 18, 72
"c:\Users\USER\Documents\GitHub\spinnovators\OpenBudget-app\src\test\java\gr\det\spinnovators\envdatamodel\EnvYearTest.java", "Java", 0, 0, 0, 0, 66, 0, 0, 3, 19, 88
"c:\Users\USER\Documents\GitHub\spinnovators\OpenBudget-app\src\test\java\gr\det\spinnovators\envdatamodel\EsgCategoryTest.java", "Java", 0, 0, 0, 0, 27, 0, 0, 3, 7, 37
"c:\Users\USER\Documents\GitHub\spinnovators\OpenBudget-app\src\test\java\gr\det\spinnovators\envdatamodel\EsgReportTest.java", "Java", 0, 0, 0, 0, 50, 0, 0, 3, 11, 64
"c:\Users\USER\Documents\GitHub\spinnovators\OpenBudget-app\src\test\java\gr\det\spinnovators\export\EditedBudgetExporterTest.java", "Java", 0, 0, 0, 0, 132, 0, 0, 55, 39, 226
"c:\Users\USER\Documents\GitHub\spinnovators\OpenBudget-app\src\test\java\gr\det\spinnovators\export\TextReportExporterTest.java", "Java", 0, 0, 0, 0, 50, 0, 0, 0, 27, 77
"c:\Users\USER\Documents\GitHub\spinnovators\OpenBudget-app\src\test\java\gr\det\spinnovators\printer\EditsPrinterTest.java", "Java", 0, 0, 0, 0, 42, 0, 0, 14, 18, 74
"c:\Users\USER\Documents\GitHub\spinnovators\OpenBudget-app\src\test\java\gr\det\spinnovators\printer\EnvBudgetPrinterTest.java", "Java", 0, 0, 0, 0, 45, 0, 0, 8, 18, 71
"c:\Users\USER\Documents\GitHub\spinnovators\OpenBudget-app\src\test\java\gr\det\spinnovators\printer\EsgPrinterTest.java", "Java", 0, 0, 0, 0, 71, 0, 0, 4, 23, 98
"c:\Users\USER\Documents\GitHub\spinnovators\OpenBudget-app\src\test\java\gr\det\spinnovators\printer\FullBudgetPrinterTest.java", "Java", 0, 0, 0, 0, 75, 0, 0, 0, 42, 117
"c:\Users\USER\Documents\GitHub\spinnovators\OpenBudget-app\src\test\java\gr\det\spinnovators\service\BudgetPercentageServiceTest.java", "Java", 0, 0, 0, 0, 63, 0, 0, 21, 22, 106
"c:\Users\USER\Documents\GitHub\spinnovators\OpenBudget-app\src\test\java\gr\det\spinnovators\service\BudgetValidatorTest.java", "Java", 0, 0, 0, 0, 98, 0, 0, 32, 27, 157
"c:\Users\USER\Documents\GitHub\spinnovators\OpenBudget-app\src\test\java\gr\det\spinnovators\service\EditsApplierTest.java", "Java", 0, 0, 0, 0, 26, 0, 0, 8, 12, 46
"c:\Users\USER\Documents\GitHub\spinnovators\OpenBudget-app\src\test\java\gr\det\spinnovators\service\EnvBudgetLoaderTest.java", "Java", 0, 0, 0, 0, 20, 0, 0, 0, 7, 27
"c:\Users\USER\Documents\GitHub\spinnovators\OpenBudget-app\src\test\java\gr\det\spinnovators\service\EnvBudgetTranslatorTest.java", "Java", 0, 0, 0, 0, 24, 0, 0, 1, 6, 31
"c:\Users\USER\Documents\GitHub\spinnovators\OpenBudget-app\src\test\java\gr\det\spinnovators\service\EsgClassifierTest.java", "Java", 0, 0, 0, 0, 58, 0, 0, 13, 22, 93
"c:\Users\USER\Documents\GitHub\spinnovators\OpenBudget-app\src\test\java\gr\det\spinnovators\service\EsgLoaderTest.java", "Java", 0, 0, 0, 0, 265, 0, 0, 144, 66, 475
"c:\Users\USER\Documents\GitHub\spinnovators\OpenBudget-app\src\test\java\gr\det\spinnovators\service\EsgScoreCalculatorTest.java", "Java", 0, 0, 0, 0, 47, 0, 0, 13, 23, 83
"c:\Users\USER\Documents\GitHub\spinnovators\OpenBudget-app\src\test\java\gr\det\spinnovators\service\InitialBudgetComparisonTest.java", "Java", 0, 0, 0, 0, 265, 0, 0, 82, 72, 419
"c:\Users\USER\Documents\GitHub\spinnovators\OpenBudget-app\src\test\java\gr\det\spinnovators\service\YearToYearBudgetComparisonTest.java", "Java", 0, 0, 0, 0, 68, 0, 0, 27, 22, 117
"c:\Users\USER\Documents\GitHub\spinnovators\OpenBudget-app\src\test\java\gr\det\spinnovators\web\EsgWebDisplayTest.java", "Java", 0, 0, 0, 0, 67, 0, 0, 35, 19, 121
"c:\Users\USER\Documents\GitHub\spinnovators\OpenBudget-app\src\test\java\gr\det\spinnovators\web\LoginWebServerTest.java", "Java", 0, 0, 0, 0, 160, 0, 0, 18, 44, 222
"c:\Users\USER\Documents\GitHub\spinnovators\README.md", "Markdown", 770, 0, 0, 0, 0, 0, 0, 0, 213, 983
"Total", "-", 770, 136, 1325, 453, 7000, 19, 26, 2212, 2038, 13979